Model,MSE
linear,347.4238816555889
poly,344.0916827845005
rf,397.13363234222203
